order,code,province,coast,area_rai,month,year,thai_year,status,qa_label,scenes_used,clear_pixel_pct,high_green_rai,medium_yellow_rai,low_red_rai,water_rai,unknown_rai,high_green_pct,medium_yellow_pct,low_red_pct,water_pct,unknown_pct,mean_fcd_valid_land,median_fcd_valid_land,mean_ndvi_valid,median_mndwi_valid
1,18-VSD,ชุมพร,อ่าวไทย,1909.77,2023-03,2023,2566,observed,COMPARABLE,4,96.84,38.98,1700.15,109.43,0.94,60.28,2.04,89.02,5.73,0.05,3.16,44.72,45.23,0.4689,-0.1207
1,18-VSD,ชุมพร,อ่าวไทย,1909.77,2024-03,2024,2567,observed,COMPARABLE,4,100.0,9.56,1627.32,272.58,0.31,0.0,0.5,85.21,14.27,0.02,0.0,40.07,40.45,0.4767,-0.1208
1,18-VSD,ชุมพร,อ่าวไทย,1909.77,2025-03,2025,2568,observed,COMPARABLE,4,100.0,37.98,1642.31,229.17,0.31,0.0,1.99,86.0,12.0,0.02,0.0,42.53,43.29,0.486,-0.1208
1,18-VSD,ชุมพร,อ่าวไทย,1909.77,2026-03,2026,2569,observed,COMPARABLE,4,100.0,17.11,1761.42,130.23,1.0,0.0,0.9,92.23,6.82,0.05,0.0,42.94,43.08,0.4516,-0.1097
2,19-VSD,ชุมพร,อ่าวไทย,316.38,2023-03,2023,2566,observed,COMPARABLE,4,100.0,3.88,242.07,70.44,0.0,0.0,1.22,76.51,22.26,0.0,0.0,34.64,38.94,0.3971,-0.1767
2,19-VSD,ชุมพร,อ่าวไทย,316.38,2024-03,2024,2567,observed,COMPARABLE,3,97.67,0.13,129.06,179.82,0.0,7.38,0.04,40.79,56.84,0.0,2.33,22.46,25.8,0.3754,-0.1886
2,19-VSD,ชุมพร,อ่าวไทย,316.38,2025-03,2025,2568,observed,COMPARABLE,3,100.0,30.38,193.44,92.56,0.0,0.0,9.6,61.14,29.26,0.0,0.0,37.87,37.63,0.423,-0.2096
2,19-VSD,ชุมพร,อ่าวไทย,316.38,2026-03,2026,2569,observed,COMPARABLE,4,100.0,49.5,238.32,24.19,4.38,0.0,15.65,75.33,7.65,1.38,0.0,49.23,47.92,0.4004,-0.1876
3,40-VSD,พังงา,อันดามัน,277.33,2023-03,2023,2566,observed,COMPARABLE,4,99.87,5.35,147.13,116.12,8.34,0.37,1.93,53.05,41.87,3.01,0.13,34.65,31.72,0.4978,-0.1196
3,40-VSD,พังงา,อันดามัน,277.33,2024-03,2024,2567,observed,COMPARABLE,3,98.72,23.72,242.21,4.3,3.55,3.55,8.55,87.34,1.55,1.28,1.28,50.53,49.35,0.4758,-0.1117
3,40-VSD,พังงา,อันดามัน,277.33,2025-03,2025,2568,observed,COMPARABLE,4,100.0,10.9,131.07,129.51,5.85,0.0,3.93,47.26,46.7,2.11,0.0,32.96,30.83,0.5162,-0.14
3,40-VSD,พังงา,อันดามัน,277.33,2026-03,2026,2569,observed,COMPARABLE,4,100.0,10.21,161.7,103.05,2.37,0.0,3.68,58.31,37.16,0.85,0.0,35.89,34.14,0.5166,-0.1332
4,41-VSD,พังงา,อันดามัน,178.92,2023-03,2023,2566,observed,COMPARABLE,4,100.0,4.63,84.74,86.68,2.88,0.0,2.59,47.36,48.44,1.61,0.0,31.12,30.13,0.5237,-0.1349
4,41-VSD,พังงา,อันดามัน,178.92,2024-03,2024,2567,observed,COMPARABLE,3,100.0,11.95,154.95,9.39,2.63,0.0,6.68,86.6,5.25,1.47,0.0,49.88,50.55,0.4851,-0.1108
4,41-VSD,พังงา,อันดามัน,178.92,2025-03,2025,2568,observed,COMPARABLE,4,97.24,4.57,75.35,91.43,2.63,4.94,2.55,42.11,51.1,1.47,2.76,28.63,29.1,0.5369,-0.1547
4,41-VSD,พังงา,อันดามัน,178.92,2026-03,2026,2569,observed,COMPARABLE,4,98.81,7.89,101.44,65.27,2.19,2.13,4.41,56.7,36.48,1.22,1.19,33.91,33.23,0.5292,-0.1427
5,42-VSD,พังงา,อันดามัน,223.01,2023-03,2023,2566,observed,COMPARABLE,4,100.0,2.49,160.31,57.97,2.24,0.0,1.11,71.89,26.0,1.0,0.0,34.88,33.35,0.5191,-0.135
5,42-VSD,พังงา,อันดามัน,223.01,2024-03,2024,2567,observed,COMPARABLE,4,100.0,6.71,211.39,2.24,2.67,0.0,3.01,94.79,1.0,1.2,0.0,49.84,49.41,0.4809,-0.117
5,42-VSD,พังงา,อันดามัน,223.01,2025-03,2025,2568,observed,COMPARABLE,4,99.22,3.67,177.4,38.34,1.86,1.74,1.64,79.55,17.19,0.84,0.78,37.8,37.54,0.5193,-0.1498
5,42-VSD,พังงา,อันดามัน,223.01,2026-03,2026,2569,observed,COMPARABLE,4,100.0,3.6,194.3,23.18,1.93,0.0,1.62,87.13,10.39,0.86,0.0,40.43,40.34,0.5175,-0.1398
6,43-VSD,พังงา,อันดามัน,122.82,2023-03,2023,2566,observed,COMPARABLE,4,100.0,8.8,71.06,42.9,0.06,0.0,7.17,57.85,34.93,0.05,0.0,36.33,32.92,0.5166,-0.1336
6,43-VSD,พังงา,อันดามัน,122.82,2024-03,2024,2567,observed,COMPARABLE,4,100.0,8.55,102.53,11.68,0.06,0.0,6.96,83.48,9.51,0.05,0.0,44.31,43.82,0.4987,-0.1308
6,43-VSD,พังงา,อันดามัน,122.82,2025-03,2025,2568,observed,COMPARABLE,3,100.0,8.18,97.72,15.55,1.37,0.0,6.66,79.56,12.66,1.12,0.0,42.13,40.62,0.5058,-0.1504
6,43-VSD,พังงา,อันดามัน,122.82,2026-03,2026,2569,observed,COMPARABLE,4,100.0,9.37,110.89,2.44,0.12,0.0,7.63,90.29,1.98,0.1,0.0,47.44,46.06,0.4958,-0.137
7,44-VSD,พังงา,อันดามัน,221.07,2023-03,2023,2566,observed,COMPARABLE,4,100.0,6.0,58.59,155.6,0.87,0.0,2.71,26.5,70.39,0.4,0.0,26.1,24.71,0.5376,-0.1554
7,44-VSD,พังงา,อันดามัน,221.07,2024-03,2024,2567,observed,COMPARABLE,4,100.0,3.69,82.77,133.87,0.75,0.0,1.67,37.44,60.55,0.34,0.0,27.08,27.2,0.535,-0.153
7,44-VSD,พังงา,อันดามัน,221.07,2025-03,2025,2568,observed,COMPARABLE,3,99.46,4.12,60.28,154.29,1.19,1.19,1.86,27.27,69.79,0.54,0.54,21.81,21.99,0.5499,-0.1627
7,44-VSD,พังงา,อันดามัน,221.07,2026-03,2026,2569,observed,COMPARABLE,2,99.75,5.81,51.78,162.04,0.87,0.56,2.63,23.42,73.3,0.4,0.25,19.77,19.06,0.5545,-0.173
8,66-VSD,ตรัง,อันดามัน,97.17,2023-03,2023,2566,observed,COMPARABLE,4,100.0,0.0,96.29,0.88,0.0,0.0,0.0,99.1,0.9,0.0,0.0,44.69,44.88,0.4761,-0.2817
8,66-VSD,ตรัง,อันดามัน,97.17,2024-03,2024,2567,observed,COMPARABLE,3,100.0,0.0,59.32,37.85,0.0,0.0,0.0,61.04,38.96,0.0,0.0,28.74,35.54,0.3798,-0.3466
8,66-VSD,ตรัง,อันดามัน,97.17,2025-03,2025,2568,observed,COMPARABLE,4,100.0,0.0,89.97,7.2,0.0,0.0,0.0,92.59,7.41,0.0,0.0,39.55,39.81,0.4698,-0.3051
8,66-VSD,ตรัง,อันดามัน,97.17,2026-03,2026,2569,observed,COMPARABLE,3,100.0,17.64,78.4,1.13,0.0,0.0,18.16,80.68,1.16,0.0,0.0,55.05,54.51,0.3582,-0.3306
9,85-VSD,สตูล,อันดามัน,599.58,2023-03,2023,2566,observed,COMPARABLE,4,98.27,23.97,462.06,98.05,5.1,10.4,4.0,77.06,16.35,0.85,1.73,42.49,43.8,0.5141,-0.1135
9,85-VSD,สตูล,อันดามัน,599.58,2024-03,2024,2567,observed,COMPARABLE,3,99.02,9.96,440.39,137.09,6.29,5.85,1.66,73.45,22.86,1.05,0.98,37.82,39.05,0.5167,-0.1244
9,85-VSD,สตูล,อันดามัน,599.58,2025-03,2025,2568,observed,COMPARABLE,4,99.3,3.55,505.76,78.25,7.84,4.17,0.59,84.35,13.05,1.31,0.7,41.97,43.36,0.5063,-0.1044
9,85-VSD,สตูล,อันดามัน,599.58,2026-03,2026,2569,observed,COMPARABLE,4,99.58,6.6,555.5,26.46,8.53,2.49,1.1,92.65,4.41,1.42,0.42,44.77,45.02,0.4963,-0.1185
10,86-VSD,สตูล,อันดามัน,1141.96,2023-03,2023,2566,observed,COMPARABLE,4,100.0,7.43,698.49,428.12,7.93,0.0,0.65,61.17,37.49,0.69,0.0,33.5,34.1,0.5301,-0.1404
10,86-VSD,สตูล,อันดามัน,1141.96,2024-03,2024,2567,observed,COMPARABLE,3,100.0,7.49,604.85,522.51,7.12,0.0,0.66,52.97,45.76,0.62,0.0,30.38,31.79,0.5299,-0.1391
10,86-VSD,สตูล,อันดามัน,1141.96,2025-03,2025,2568,observed,COMPARABLE,3,100.0,2.68,675.57,456.02,7.68,0.0,0.24,59.16,39.93,0.67,0.0,33.21,33.96,0.5282,-0.1372
10,86-VSD,สตูล,อันดามัน,1141.96,2026-03,2026,2569,observed,COMPARABLE,4,99.8,8.8,673.39,449.47,8.05,2.25,0.77,58.97,39.36,0.71,0.2,34.34,34.8,0.5249,-0.1408
11,87-VSD,สมุทรสงคราม,อ่าวไทย,92.92,2023-03,2023,2566,observed,COMPARABLE,4,100.0,0.0,56.6,35.08,1.24,0.0,0.0,60.91,37.75,1.34,0.0,28.17,30.94,0.3917,-0.079
11,87-VSD,สมุทรสงคราม,อ่าวไทย,92.92,2024-03,2024,2567,observed,COMPARABLE,4,100.0,0.93,85.77,5.47,0.75,0.0,1.0,92.3,5.89,0.8,0.0,44.82,46.43,0.4251,-0.153
11,87-VSD,สมุทรสงคราม,อ่าวไทย,92.92,2025-03,2025,2568,observed,COMPARABLE,4,100.0,0.0,86.89,6.03,0.0,0.0,0.0,93.51,6.49,0.0,0.0,38.97,41.33,0.4053,-0.1248
11,87-VSD,สมุทรสงคราม,อ่าวไทย,92.92,2026-03,2026,2569,observed,COMPARABLE,4,100.0,0.37,85.27,6.65,0.62,0.0,0.4,91.77,7.16,0.67,0.0,40.96,42.36,0.4432,-0.139
12,88-VSD,ปัตตานี,อ่าวไทย,257.66,2023-03,2023,2566,observed,COMPARABLE,4,100.0,0.0,212.83,44.7,0.13,0.0,0.0,82.6,17.35,0.05,0.0,40.19,43.88,0.4102,-0.1076
12,88-VSD,ปัตตานี,อ่าวไทย,257.66,2024-03,2024,2567,observed,COMPARABLE,2,100.0,9.88,213.46,11.94,22.38,0.0,3.83,82.84,4.63,8.69,0.0,48.48,49.93,0.4031,-0.0942
12,88-VSD,ปัตตานี,อ่าวไทย,257.66,2025-03,2025,2568,observed,COMPARABLE,1,33.44,4.69,66.53,13.76,1.19,171.5,1.82,25.82,5.34,0.46,66.56,44.28,48.67,0.4404,-0.1304
12,88-VSD,ปัตตานี,อ่าวไทย,257.66,2026-03,2026,2569,observed,COMPARABLE,2,100.0,11.0,207.95,10.5,28.2,0.0,4.27,80.71,4.08,10.94,0.0,51.29,53.1,0.3522,-0.1009
13,89-VSD,ปัตตานี,อ่าวไทย,25.72,2023-03,2023,2566,observed,COMPARABLE,3,100.0,0.0,2.03,23.69,0.0,0.0,0.0,7.9,92.1,0.0,0.0,19.07,20.34,0.5257,-0.2059
13,89-VSD,ปัตตานี,อ่าวไทย,25.72,2024-03,2024,2567,observed,COMPARABLE,4,100.0,0.0,13.24,12.48,0.0,0.0,0.0,51.47,48.53,0.0,0.0,26.98,30.43,0.4902,-0.2335
13,89-VSD,ปัตตานี,อ่าวไทย,25.72,2025-03,2025,2568,observed,COMPARABLE,3,100.0,0.0,1.51,24.21,0.0,0.0,0.0,5.87,94.13,0.0,0.0,15.67,16.85,0.4855,-0.2108
13,89-VSD,ปัตตานี,อ่าวไทย,25.72,2026-03,2026,2569,observed,COMPARABLE,1,100.0,0.0,17.01,8.71,0.0,0.0,0.0,66.14,33.86,0.0,0.0,31.33,32.28,0.4536,-0.2409
14,90-VSD,ปัตตานี,อ่าวไทย,22.42,2023-03,2023,2566,observed,COMPARABLE,4,88.64,1.37,13.41,4.6,0.5,2.55,6.09,59.83,20.5,2.22,11.36,42.32,47.58,0.4058,-0.0413
14,90-VSD,ปัตตานี,อ่าวไทย,22.42,2024-03,2024,2567,observed,COMPARABLE,3,100.0,4.66,11.61,5.71,0.43,0.0,20.78,51.8,25.48,1.94,0.0,44.01,48.92,0.4531,-0.0567
14,90-VSD,ปัตตานี,อ่าวไทย,22.42,2025-03,2025,2568,observed,COMPARABLE,4,97.78,3.79,6.27,7.51,4.35,0.5,16.9,27.98,33.52,19.39,2.22,37.56,35.79,0.321,0.0133
14,90-VSD,ปัตตานี,อ่าวไทย,22.42,2026-03,2026,2569,observed,COMPARABLE,3,100.0,3.29,15.4,3.66,0.06,0.0,14.68,68.7,16.34,0.28,0.0,46.64,48.61,0.4416,-0.0599
15,93-VSD,ปัตตานี,อ่าวไทย,82.63,2023-03,2023,2566,observed,COMPARABLE,3,100.0,0.31,79.33,2.99,0.0,0.0,0.38,96.0,3.62,0.0,0.0,44.37,44.11,0.4474,-0.1476
15,93-VSD,ปัตตานี,อ่าวไทย,82.63,2024-03,2024,2567,observed,COMPARABLE,4,100.0,4.8,73.22,4.61,0.0,0.0,5.81,88.61,5.58,0.0,0.0,46.49,45.79,0.4612,-0.1516
15,93-VSD,ปัตตานี,อ่าวไทย,82.63,2025-03,2025,2568,observed,COMPARABLE,3,35.97,0.0,15.7,14.02,0.0,52.91,0.0,19.0,16.97,0.0,64.03,25.99,31.16,0.4388,-0.1293
15,93-VSD,ปัตตานี,อ่าวไทย,82.63,2026-03,2026,2569,observed,COMPARABLE,4,100.0,1.62,69.67,11.34,0.0,0.0,1.96,84.31,13.73,0.0,0.0,43.5,47.1,0.3865,-0.1609
16,94-VSD,ปัตตานี,อ่าวไทย,140.87,2023-03,2023,2566,observed,COMPARABLE,3,100.0,0.75,115.64,24.48,0.0,0.0,0.53,82.09,17.38,0.0,0.0,40.96,42.56,0.4514,-0.2127
16,94-VSD,ปัตตานี,อ่าวไทย,140.87,2024-03,2024,2567,observed,COMPARABLE,4,100.0,7.62,109.96,23.29,0.0,0.0,5.41,78.06,16.53,0.0,0.0,43.07,44.13,0.46,-0.2262
16,94-VSD,ปัตตานี,อ่าวไทย,140.87,2025-03,2025,2568,observed,COMPARABLE,3,72.7,0.06,60.69,41.65,0.0,38.46,0.04,43.09,29.57,0.0,27.3,31.73,32.99,0.4704,-0.2104
16,94-VSD,ปัตตานี,อ่าวไทย,140.87,2026-03,2026,2569,observed,COMPARABLE,3,100.0,8.3,119.08,13.49,0.0,0.0,5.9,84.53,9.57,0.0,0.0,46.92,49.03,0.4218,-0.2125
17,95-VSD,ปัตตานี,อ่าวไทย,200.38,2023-03,2023,2566,observed,COMPARABLE,4,100.0,1.06,76.14,123.18,0.0,0.0,0.53,38.0,61.47,0.0,0.0,26.95,27.06,0.5295,-0.1897
17,95-VSD,ปัตตานี,อ่าวไทย,200.38,2024-03,2024,2567,observed,COMPARABLE,4,99.56,1.31,65.4,132.8,0.0,0.87,0.65,32.64,66.27,0.0,0.44,23.18,23.26,0.5126,-0.2019
17,95-VSD,ปัตตานี,อ่าวไทย,200.38,2025-03,2025,2568,observed,COMPARABLE,2,98.72,0.5,46.97,150.35,0.0,2.56,0.25,23.44,75.03,0.0,1.28,19.93,20.21,0.5239,-0.1975
17,95-VSD,ปัตตานี,อ่าวไทย,200.38,2026-03,2026,2569,observed,COMPARABLE,3,98.82,1.94,162.59,33.48,0.0,2.37,0.97,81.14,16.71,0.0,1.18,38.41,38.49,0.4654,-0.2231
18,97-VSD,กระบี่,อันดามัน,184.64,2023-03,2023,2566,observed,COMPARABLE,4,100.0,1.0,126.18,57.46,0.0,0.0,0.54,68.34,31.12,0.0,0.0,33.96,34.18,0.5072,-0.1687
18,97-VSD,กระบี่,อันดามัน,184.64,2024-03,2024,2567,observed,COMPARABLE,3,100.0,0.63,160.13,23.89,0.0,0.0,0.34,86.73,12.94,0.0,0.0,37.36,38.25,0.4965,-0.1554
18,97-VSD,กระบี่,อันดามัน,184.64,2025-03,2025,2568,observed,COMPARABLE,4,100.0,1.88,175.64,7.13,0.0,0.0,1.02,95.12,3.86,0.0,0.0,43.24,43.35,0.4928,-0.1669
18,97-VSD,กระบี่,อันดามัน,184.64,2026-03,2026,2569,observed,COMPARABLE,4,100.0,0.75,146.19,37.7,0.0,0.0,0.41,79.17,20.42,0.0,0.0,37.46,37.93,0.5039,-0.1654
19,98-VSD,กระบี่,อันดามัน,150.95,2023-03,2023,2566,observed,COMPARABLE,2,100.0,3.49,40.48,106.97,0.0,0.0,2.31,26.82,70.87,0.0,0.0,22.37,20.69,0.5496,-0.1685
19,98-VSD,กระบี่,อันดามัน,150.95,2024-03,2024,2567,observed,COMPARABLE,3,99.05,3.12,112.59,33.81,0.0,1.43,2.07,74.59,22.4,0.0,0.95,36.98,36.44,0.5149,-0.1678
19,98-VSD,กระบี่,อันดามัน,150.95,2025-03,2025,2568,observed,COMPARABLE,4,100.0,5.11,141.78,4.05,0.0,0.0,3.39,93.93,2.69,0.0,0.0,43.41,41.95,0.4975,-0.1624
19,98-VSD,กระบี่,อันดามัน,150.95,2026-03,2026,2569,observed,COMPARABLE,3,100.0,4.05,124.44,22.33,0.12,0.0,2.69,82.44,14.79,0.08,0.0,38.44,37.22,0.5179,-0.1598
20,99-VSD,กระบี่,อันดามัน,205.78,2023-03,2023,2566,insufficient_clear_pixels,LOW_QA,4,4.07,0.0,0.0,8.37,0.0,197.41,0.0,0.0,4.07,0.0,95.93,14.12,14.55,0.564,-0.1537
20,99-VSD,กระบี่,อันดามัน,205.78,2024-03,2024,2567,insufficient_clear_pixels,LOW_QA,3,4.07,0.0,0.37,7.99,0.0,197.41,0.0,0.18,3.88,0.0,95.93,8.5,3.15,0.5719,-0.1669
20,99-VSD,กระบี่,อันดามัน,205.78,2025-03,2025,2568,observed,COMPARABLE,2,100.0,0.87,199.54,5.37,0.0,0.0,0.42,96.97,2.61,0.0,0.0,42.76,41.83,0.5108,-0.1638
20,99-VSD,กระบี่,อันดามัน,205.78,2026-03,2026,2569,insufficient_clear_pixels,LOW_QA,3,4.07,0.0,2.43,5.93,0.0,197.41,0.0,1.18,2.88,0.0,95.93,21.03,24.88,0.5555,-0.1642
21,100-VSD,กระบี่,อันดามัน,291.51,2023-03,2023,2566,observed,COMPARABLE,4,100.0,0.44,235.89,55.19,0.0,0.0,0.15,80.92,18.93,0.0,0.0,40.0,41.2,0.4752,-0.2794
21,100-VSD,กระบี่,อันดามัน,291.51,2024-03,2024,2567,observed,COMPARABLE,2,100.0,5.61,228.41,57.49,0.0,0.0,1.92,78.35,19.72,0.0,0.0,38.0,39.11,0.4515,-0.2752
21,100-VSD,กระบี่,อันดามัน,291.51,2025-03,2025,2568,observed,COMPARABLE,3,100.0,0.69,228.66,62.16,0.0,0.0,0.24,78.44,21.32,0.0,0.0,39.77,41.1,0.4843,-0.2814
21,100-VSD,กระบี่,อันดามัน,291.51,2026-03,2026,2569,observed,COMPARABLE,4,100.0,0.0,207.55,83.96,0.0,0.0,0.0,71.2,28.8,0.0,0.0,36.33,37.58,0.4859,-0.2749
22,102-VSD,ภูเก็ต,อันดามัน,32.04,2023-03,2023,2566,observed,COMPARABLE,4,100.0,0.0,24.26,1.99,5.79,0.0,0.0,75.73,6.21,18.06,0.0,43.95,46.39,0.3209,-0.1346
22,102-VSD,ภูเก็ต,อันดามัน,32.04,2024-03,2024,2567,observed,COMPARABLE,4,100.0,0.0,24.26,5.85,1.93,0.0,0.0,75.73,18.25,6.02,0.0,40.72,46.91,0.3123,-0.1721
22,102-VSD,ภูเก็ต,อันดามัน,32.04,2025-03,2025,2568,observed,WATER_INFLUENCED,4,100.0,0.0,21.77,3.05,7.22,0.0,0.0,67.96,9.51,22.52,0.0,44.53,49.1,0.2966,-0.0961
22,102-VSD,ภูเก็ต,อันดามัน,32.04,2026-03,2026,2569,observed,COMPARABLE,4,100.0,0.0,23.89,3.8,4.35,0.0,0.0,74.56,11.84,13.59,0.0,42.78,48.04,0.3073,-0.1458
