plot_code,province,area_rai,month,qa,analysis_mode,coverage_pct,scenes_used,scene_ids,green_observed_rai,yellow_observed_rai,red_observed_rai,water_observed_rai,unknown_observed_rai,green_rai,yellow_rai,red_rai,mean_fcd_score
18-VSD,ชุมพร,1909.77,2024-03,GOOD,single_scene_good,100.0,1,['S2A_MSIL2A_20240331T033531_R061_T47PNN_20240331T093338'],1586.4676,287.824,35.4158,0.0625,0.0,1586.5195,287.8335,35.417,69.0157
18-VSD,ชุมพร,1909.77,2025-03,GOOD,single_scene_good,99.97,1,['S2C_MSIL2A_20250316T033601_R061_T47PNN_20250316T090315'],1703.8334,183.3879,21.7992,0.1874,0.5622,1704.5024,183.4599,21.8077,71.8166
18-VSD,ชุมพร,1909.77,2026-03,GOOD,single_scene_good,99.98,1,['S2B_MSIL2A_20260326T033529_R061_T47PNN_20260326T072041'],1039.4271,742.1713,126.6726,1.0619,0.4372,1040.2436,742.7543,126.7721,55.2609
18-VSD,ชุมพร,1909.77,2026-08,PARTIAL,single_scene_partial,84.96,1,['S2B_MSIL2A_20260803T033539_R061_T47PNN_20260803T072631'],730.6159,726.1186,165.5863,0.1249,287.3243,,,,52.2391
19-VSD,ชุมพร,316.38,2024-03,GOOD,same_month_multi_scene_composite,99.64,5,"['S2A_MSIL2A_20240331T033531_R061_T47PNM_20240331T093553', 'S2A_MSIL2A_20240321T033541_R061_T47PNM_20240321T091103', 'S2A_MSIL2A_20240311T033541_R061_T47PNM_20240311T115048', 'S2B_MSIL2A_20240316T033539_R061_T47PNM_20240316T081224', 'S2B_MSIL2A_20240326T033539_R061_T47PNM_20240326T091653']",44.5007,79.6263,190.3155,0.8125,1.125,44.7749,80.1169,191.4882,28.6589
19-VSD,ชุมพร,316.38,2025-03,GOOD,single_scene_good,100.0,1,['S2C_MSIL2A_20250316T033601_R061_T47PNM_20250316T090315'],162.0651,65.5635,88.7514,0.0,0.0,162.0651,65.5635,88.7514,50.815
19-VSD,ชุมพร,316.38,2026-03,GOOD,single_scene_good,100.0,1,['S2B_MSIL2A_20260326T033529_R061_T47PNM_20260326T072041'],101.5641,116.6268,93.6265,4.5626,0.0,103.0502,118.3333,94.9964,44.2229
19-VSD,ชุมพร,316.38,2026-08,LOW_QA,same_month_multi_scene_composite,24.69,2,"['S2B_MSIL2A_20260803T033539_R061_T47PNM_20260803T072631', 'S2B_MSIL2A_20260813T033529_R061_T47PNM_20260813T072506']",0.3125,2.875,74.9387,0.0,238.2538,,,,4.0884
40-VSD,พังงา,277.33,2024-03,GOOD,single_scene_good,98.52,1,['S2B_MSIL2A_20240326T033539_R061_T47PMK_20240326T091645'],205.8493,62.5767,0.0,4.7944,4.1095,212.0249,64.454,0.0,78.5859
40-VSD,พังงา,277.33,2025-03,GOOD,single_scene_good,99.93,1,['S2B_MSIL2A_20250324T034539_R104_T47PMK_20250324T072707'],158.7767,116.4985,0.0,1.868,0.1868,159.471,117.0079,0.0,68.632
40-VSD,พังงา,277.33,2026-03,GOOD,single_scene_good,99.87,1,['S2A_MSIL2A_20260313T034201_R061_T47PMK_20260313T083010'],165.3146,108.7776,0.0,2.8642,0.3736,166.7541,109.7248,0.0,70.3129
40-VSD,พังงา,277.33,2026-08,GOOD,same_month_multi_scene_composite,96.34,2,"['S2C_MSIL2A_20260801T034531_R104_T47PMK_20260801T082610', 'S2B_MSIL2A_20260803T033539_R061_T47PMK_20260803T072631']",142.5877,121.542,0.0,3.051,10.1493,149.2543,127.2246,0.0,66.4056
41-VSD,พังงา,178.92,2024-03,GOOD,single_scene_good,99.79,1,['S2B_MSIL2A_20240306T033609_R061_T47PMK_20240306T080805'],22.279,154.8262,0.0,1.4394,0.3755,22.4382,155.9327,0.0,64.1839
41-VSD,พังงา,178.92,2025-03,GOOD,single_scene_good,95.03,1,['S2C_MSIL2A_20250326T033601_R061_T47PMK_20250326T085914'],0.0,169.3451,0.0,0.6884,8.8865,0.0,178.3709,0.0,62.939
41-VSD,พังงา,178.92,2026-03,GOOD,single_scene_good,96.26,1,['S2A_MSIL2A_20260326T035211_R104_T47PMK_20260326T084309'],152.1978,18.3989,0.0,1.6271,6.6962,159.1335,19.2374,0.0,83.0143
41-VSD,พังงา,178.92,2026-08,PARTIAL,same_month_multi_scene_composite,74.12,2,"['S2B_MSIL2A_20260803T033539_R061_T47PMK_20260803T072631', 'S2C_MSIL2A_20260801T034531_R104_T47PMK_20260801T082610']",62.2058,70.1537,0.0,0.2503,46.3102,,,,64.8178
42-VSD,พังงา,223.01,2024-03,GOOD,single_scene_good,100.0,1,['S2B_MSIL2A_20240319T034529_R104_T47PMK_20240319T082045'],86.6191,133.284,0.0,3.1069,0.0,87.5733,134.7523,0.0,69.0243
42-VSD,พังงา,223.01,2025-03,GOOD,single_scene_good,99.58,1,['S2C_MSIL2A_20250329T034601_R104_T47PMK_20250329T101612'],36.4123,183.4287,0.0,2.2369,0.9321,36.8239,185.5017,0.0,67.4604
42-VSD,พังงา,223.01,2026-03,GOOD,single_scene_good,98.72,1,['S2A_MSIL2A_20260326T035211_R104_T47PMK_20260326T084309'],188.5239,29.9501,0.0,1.6777,2.8583,191.8475,30.4781,0.0,79.6991
42-VSD,พังงา,223.01,2026-08,PARTIAL,same_month_multi_scene_composite,87.35,2,"['S2B_MSIL2A_20260803T033539_R061_T47PMK_20260803T072631', 'S2C_MSIL2A_20260801T034531_R104_T47PMK_20260801T082610']",13.2352,180.3218,0.0,1.2427,28.2102,,,,39.8212
43-VSD,พังงา,122.82,2024-03,GOOD,single_scene_good,100.0,1,['S2A_MSIL2A_20240314T034531_R104_T47PMK_20240314T092007'],39.3374,80.4231,0.0,3.0596,0.0,40.2185,82.2245,0.0,68.655
43-VSD,พังงา,122.82,2025-03,GOOD,single_scene_good,100.0,1,['S2B_MSIL2A_20250331T033539_R061_T47PMK_20250331T072416'],101.0908,19.7311,0.0,1.9981,0.0,102.4472,19.9959,0.0,79.084
43-VSD,พังงา,122.82,2026-03,GOOD,single_scene_good,100.0,1,['S2C_MSIL2A_20260321T033541_R061_T47PMK_20260321T090910'],108.7085,13.1125,0.0,0.999,0.0,109.2637,13.1794,0.0,87.0399
43-VSD,พังงา,122.82,2026-08,PARTIAL,single_scene_partial,53.08,1,['S2B_MSIL2A_20260803T033539_R061_T47PMK_20260803T072631'],0.2498,63.4393,0.0,1.4986,57.6324,,,,64.3822
44-VSD,พังงา,221.07,2024-03,GOOD,single_scene_good,100.0,1,['S2A_MSIL2A_20240321T033541_R061_T47PMK_20240321T091052'],183.6524,37.1053,0.0,0.3123,0.0,183.3478,37.0437,0.0,81.7601
44-VSD,พังงา,221.07,2025-03,GOOD,single_scene_good,99.35,1,['S2B_MSIL2A_20250331T033539_R061_T47PMK_20250331T072416'],191.0859,26.9232,0.0,1.6241,1.4367,193.1741,27.2174,0.0,83.5436
44-VSD,พังงา,221.07,2026-03,GOOD,single_scene_good,99.75,1,['S2C_MSIL2A_20260321T033541_R061_T47PMK_20260321T090910'],200.6434,18.6776,0.0,1.1869,0.5622,201.6228,18.7687,0.0,88.2664
44-VSD,พังงา,221.07,2026-08,PARTIAL,same_month_multi_scene_composite,87.57,3,"['S2B_MSIL2A_20260803T033539_R061_T47PMK_20260803T072631', 'S2C_MSIL2A_20260801T034531_R104_T47PMK_20260801T082610', 'S2A_MSIL2A_20260813T035201_R104_T47PMK_20260813T100908']",56.5325,135.2406,0.0,1.8115,27.4854,,,,48.8795
66-VSD,ตรัง,97.17,2024-03,GOOD,single_scene_good,100.0,1,['S2B_MSIL2A_20240316T033539_R061_T47NNJ_20240316T081224'],0.9385,2.5028,93.7287,0.0,0.0,0.9373,2.4994,93.6033,29.164
66-VSD,ตรัง,97.17,2025-03,GOOD,single_scene_good,100.0,1,['S2C_MSIL2A_20250326T033601_R061_T47NNJ_20250326T085914'],0.1251,6.0066,91.0382,0.0,0.0,0.125,5.9986,90.9164,49.7411
66-VSD,ตรัง,97.17,2026-03,GOOD,single_scene_good,100.0,1,['S2A_MSIL2A_20260313T034201_R061_T47NNJ_20260313T083010'],0.9385,12.9518,83.2796,0.0,0.0,0.9373,12.9345,83.1682,36.0436
66-VSD,ตรัง,97.17,2026-08,GOOD,single_scene_good,100.0,1,['S2B_MSIL2A_20260803T033539_R061_T47NNJ_20260803T072631'],2.3776,20.335,74.4574,0.0,0.0,2.3744,20.3078,74.3578,48.9721
85-VSD,สตูล,599.58,2024-03,GOOD,single_scene_good,98.63,1,['S2A_MSIL2A_20240321T033541_R061_T47NPH_20240321T091048'],446.4944,128.1212,11.0192,5.7275,8.2177,454.6643,130.4656,11.2208,79.9611
85-VSD,สตูล,599.58,2025-03,GOOD,single_scene_good,99.09,1,['S2B_MSIL2A_20250331T033539_R061_T47NPH_20250331T072416'],253.441,315.4472,16.9334,8.2799,5.4785,257.9961,321.1168,17.2378,72.1163
85-VSD,สตูล,599.58,2026-03,GOOD,single_scene_good,98.67,1,['S2C_MSIL2A_20260321T033541_R061_T47NPH_20260321T090910'],375.0877,194.7966,13.0113,8.7157,7.9687,383.7459,199.2931,13.3117,76.0779
85-VSD,สตูล,599.58,2026-08,PARTIAL,same_month_multi_scene_composite,74.36,2,"['S2B_MSIL2A_20260803T033539_R061_T47NPH_20260803T072631', 'S2B_MSIL2A_20260823T033529_R061_T47NPH_20260823T072632']",235.6983,158.6263,49.8042,1.7431,153.7081,,,,67.7371
86-VSD,สตูล,1141.96,2024-03,GOOD,single_scene_good,99.98,1,['S2A_MSIL2A_20240321T033541_R061_T47NPH_20240321T091048'],820.0912,297.6475,18.9151,5.0565,0.2497,819.482,297.4264,18.901,77.017
86-VSD,สตูล,1141.96,2025-03,GOOD,single_scene_good,99.14,1,['S2C_MSIL2A_20250326T033601_R061_T47NPH_20250326T085914'],525.8772,562.5837,38.829,4.8692,9.8009,529.8515,566.8354,39.1225,71.6698
86-VSD,สตูล,1141.96,2026-03,GOOD,single_scene_good,99.62,1,['S2C_MSIL2A_20260321T033541_R061_T47NPH_20260321T090910'],865.1628,243.6489,19.6018,9.1766,4.3698,870.8333,245.2458,19.7303,77.7783
86-VSD,สตูล,1141.96,2026-08,GOOD,single_scene_good,99.5,1,['S2B_MSIL2A_20260803T033539_R061_T47NPH_20260803T072631'],1020.1667,97.6968,12.4228,5.9305,5.7432,1025.1517,98.1742,12.4835,80.3492
87-VSD,สมุทรสงคราม,92.92,2024-03,GOOD,single_scene_good,100.0,1,['S2B_MSIL2A_20240326T033539_R061_T47PNQ_20240326T091647'],83.4663,8.3342,0.0,1.1195,0.0,83.8841,8.3759,0.0,43.599
87-VSD,สมุทรสงคราม,92.92,2025-03,GOOD,single_scene_good,100.0,1,['S2C_MSIL2A_20250326T033601_R061_T47PNQ_20250326T085914'],80.6053,11.2574,0.0,1.0573,0.0,80.9539,11.3061,0.0,28.0671
87-VSD,สมุทรสงคราม,92.92,2026-03,GOOD,single_scene_good,100.0,1,['S2C_MSIL2A_20260301T033701_R061_T47PNQ_20260301T091613'],87.3846,5.1,0.0,0.4354,0.0,87.1724,5.0876,0.0,65.742
87-VSD,สมุทรสงคราม,92.92,2026-08,GOOD,single_scene_good,100.0,1,['S2B_MSIL2A_20260803T033539_R061_T47PNQ_20260803T072631'],90.1834,2.7366,0.0,0.0,0.0,89.5428,2.7172,0.0,71.9728
88-VSD,ปัตตานี,257.66,2024-03,GOOD,single_scene_good,100.0,1,['S2B_MSIL2A_20240323T032519_R018_T47NQH_20240323T080736'],124.3596,110.8544,0.0,22.446,0.0,135.6389,120.9088,0.0,49.44
88-VSD,ปัตตานี,257.66,2025-03,GOOD,same_month_multi_scene_composite,100.0,3,"['S2A_MSIL2A_20250325T033151_R018_T47NQH_20250325T111922', 'S2B_MSIL2A_20250308T032519_R018_T47NQH_20250308T062224', 'S2C_MSIL2A_20250313T032541_R018_T47NQH_20250313T091913']",135.2387,96.9742,0.0,25.4471,0.0,149.4111,107.1366,0.0,51.5972
88-VSD,ปัตตานี,257.66,2026-03,GOOD,single_scene_good,100.0,1,['S2A_MSIL2A_20260330T033201_R018_T47NQH_20260330T081616'],83.1565,142.4289,0.0,32.0746,0.0,94.57,161.9777,0.0,38.7177
88-VSD,ปัตตานี,257.66,2026-08,LOW_QA,single_scene_partial,32.27,1,['S2C_MSIL2A_20260805T032521_R018_T47NQH_20260805T083109'],32.8874,50.2065,0.0,0.0625,174.5035,,,,39.6941
89-VSD,ปัตตานี,25.72,2024-03,GOOD,single_scene_good,100.0,1,['S2B_MSIL2A_20240323T032519_R018_T47NQH_20240323T080736'],20.785,4.935,0.0,0.0,0.0,20.6953,4.9137,0.0,58.665
89-VSD,ปัตตานี,25.72,2025-03,GOOD,single_scene_good,99.77,1,['S2C_MSIL2A_20250303T032701_R018_T47NQH_20250303T084755'],22.1204,3.5416,0.0,0.0,0.0581,22.0747,3.5343,0.0,61.2002
89-VSD,ปัตตานี,25.72,2026-03,GOOD,single_scene_good,100.0,1,['S2B_MSIL2A_20260303T032539_R018_T47NQH_20260303T085226'],7.7218,17.9982,0.0,0.0,0.0,7.6885,17.9205,0.0,43.674
89-VSD,ปัตตานี,25.72,2026-08,GOOD,single_scene_good,100.0,1,['S2C_MSIL2A_20260805T032521_R018_T47NQH_20260805T083109'],24.5008,1.2192,0.0,0.0,0.0,24.395,1.214,0.0,69.3526
90-VSD,ปัตตานี,22.42,2024-03,GOOD,single_scene_good,100.0,1,['S2B_MSIL2A_20240323T032519_R018_T47NQH_20240323T080736'],14.9053,7.08,0.0,0.4347,0.0,15.1344,7.1888,0.0,58.2935
90-VSD,ปัตตานี,22.42,2025-03,GOOD,single_scene_good,98.34,1,['S2C_MSIL2A_20250323T032541_R018_T47NQH_20250323T091110'],0.1242,20.4947,0.0,1.4284,0.3726,0.1345,22.1887,0.0,12.2104
90-VSD,ปัตตานี,22.42,2026-03,GOOD,single_scene_good,100.0,1,['S2B_MSIL2A_20260303T032539_R018_T47NQH_20260303T085226'],18.4453,3.9126,0.0,0.0621,0.0,18.4167,3.9066,0.0,65.5513
90-VSD,ปัตตานี,22.42,2026-08,PARTIAL,single_scene_partial,76.73,1,['S2C_MSIL2A_20260805T032521_R018_T47NQH_20260805T083109'],10.4958,6.6453,0.0,0.0621,5.2168,,,,50.8997
93-VSD,ปัตตานี,82.63,2024-03,GOOD,single_scene_good,100.0,1,['S2B_MSIL2A_20240323T032519_R018_T47NQH_20240323T080736'],62.1283,20.5017,0.0,0.0,0.0,61.8601,20.4132,0.0,54.5993
93-VSD,ปัตตานี,82.63,2025-03,GOOD,single_scene_good,100.0,1,['S2A_MSIL2A_20250325T033151_R018_T47NQH_20250325T111922'],49.3537,33.2763,0.0,0.0,0.0,49.1406,33.1327,0.0,49.0521
93-VSD,ปัตตานี,82.63,2026-03,GOOD,single_scene_good,100.0,1,['S2B_MSIL2A_20260303T032539_R018_T47NQH_20260303T085226'],35.9559,46.6741,0.0,0.0,0.0,35.8007,46.4726,0.0,44.2796
93-VSD,ปัตตานี,82.63,2026-08,GOOD,single_scene_good,100.0,1,['S2C_MSIL2A_20260805T032521_R018_T47NQH_20260805T083109'],63.5615,19.0685,0.0,0.0,0.0,63.2871,18.9861,0.0,57.7865
94-VSD,ปัตตานี,140.87,2024-03,GOOD,single_scene_good,100.0,1,['S2B_MSIL2A_20240323T032519_R018_T47NQH_20240323T080736'],90.3541,50.5159,0.0,0.0,0.0,89.9641,50.2978,0.0,53.1676
94-VSD,ปัตตานี,140.87,2025-03,GOOD,single_scene_good,100.0,1,['S2A_MSIL2A_20250325T033151_R018_T47NQH_20250325T111922'],99.658,41.212,0.0,0.0,0.0,99.2278,41.0341,0.0,54.5335
94-VSD,ปัตตานี,140.87,2026-03,GOOD,single_scene_good,100.0,1,['S2B_MSIL2A_20260303T032539_R018_T47NQH_20260303T085226'],83.3606,57.5094,0.0,0.0,0.0,83.0007,57.2612,0.0,52.5101
94-VSD,ปัตตานี,140.87,2026-08,GOOD,single_scene_good,100.0,1,['S2C_MSIL2A_20260805T032521_R018_T47NQH_20260805T083109'],117.3917,23.4783,0.0,0.0,0.0,116.8849,23.377,0.0,64.3902
95-VSD,ปัตตานี,200.38,2024-03,GOOD,single_scene_good,99.56,1,['S2B_MSIL2A_20240323T032519_R018_T47NQH_20240323T080736'],177.0815,22.4241,0.0,0.0,0.8745,177.0898,22.4251,0.0,65.2043
95-VSD,ปัตตานี,200.38,2025-03,GOOD,single_scene_good,100.0,1,['S2C_MSIL2A_20250313T032541_R018_T47NQH_20250313T091913'],135.294,65.086,0.0,0.0,0.0,134.7099,64.805,0.0,54.3279
95-VSD,ปัตตานี,200.38,2026-03,GOOD,single_scene_good,98.07,1,['S2B_MSIL2A_20260303T032539_R018_T47NQH_20260303T085226'],127.3612,69.1461,0.0,0.0,3.8727,129.3106,70.2044,0.0,55.1266
95-VSD,ปัตตานี,200.38,2026-08,GOOD,single_scene_good,100.0,1,['S2C_MSIL2A_20260805T032521_R018_T47NQH_20260805T083109'],195.0082,5.3718,0.0,0.0,0.0,194.1664,5.3486,0.0,70.2762
97-VSD,กระบี่,184.64,2024-03,GOOD,single_scene_good,100.0,1,['S2A_MSIL2A_20240321T033541_R061_T47NNJ_20240321T091057'],147.3744,27.9492,9.3164,0.0,0.0,146.1428,27.7157,9.2386,72.6627
97-VSD,กระบี่,184.64,2025-03,GOOD,single_scene_good,100.0,1,['S2C_MSIL2A_20250316T033601_R061_T47NNJ_20250316T090315'],154.3148,21.1964,9.1288,0.0,0.0,153.0252,21.0193,9.0525,74.8974
97-VSD,กระบี่,184.64,2026-03,GOOD,single_scene_good,100.0,1,['S2C_MSIL2A_20260321T033541_R061_T47NNJ_20260321T090910'],152.0638,21.8842,10.692,0.0,0.0,150.7931,21.7013,10.6026,75.1584
97-VSD,กระบี่,184.64,2026-08,GOOD,single_scene_good,97.22,1,['S2B_MSIL2A_20260823T033529_R061_T47NNJ_20260823T072632'],154.7525,16.632,8.1284,0.0,5.1272,157.8423,16.9641,8.2907,75.1943
98-VSD,กระบี่,150.95,2024-03,GOOD,single_scene_good,99.05,1,['S2A_MSIL2A_20240321T033541_R061_T47NNJ_20240321T091057'],126.6233,20.6465,2.2455,0.0,1.4346,126.7701,20.6704,2.2481,75.2796
98-VSD,กระบี่,150.95,2025-03,GOOD,single_scene_good,100.0,1,['S2C_MSIL2A_20250316T033601_R061_T47NNJ_20250316T090315'],134.4827,14.2217,2.2455,0.0,0.0,133.3589,14.1029,2.2268,79.8281
98-VSD,กระบี่,150.95,2026-03,GOOD,single_scene_good,100.0,1,['S2B_MSIL2A_20260316T033529_R061_T47NNJ_20260316T072001'],106.3511,35.2425,9.3564,0.0,0.0,105.4624,34.948,9.2782,67.7028
98-VSD,กระบี่,150.95,2026-08,PARTIAL,same_month_multi_scene_composite,94.75,3,"['S2B_MSIL2A_20260823T033529_R061_T47NNJ_20260823T072632', 'S2B_MSIL2A_20260803T033539_R061_T47NNJ_20260803T072631', 'S2B_MSIL2A_20260813T033529_R061_T47NNJ_20260813T072506']",106.663,26.6969,9.5435,0.1248,7.9218,,,,73.367
99-VSD,กระบี่,205.78,2024-03,GOOD,single_scene_good,100.0,1,['S2A_MSIL2A_20240321T033541_R061_T47NNJ_20240321T091057'],157.3318,44.4525,3.9957,0.0,0.0,156.017,44.081,3.9623,74.2733
99-VSD,กระบี่,205.78,2025-03,GOOD,single_scene_good,100.0,1,['S2C_MSIL2A_20250316T033601_R061_T47NNJ_20250316T090315'],176.0618,28.1574,1.5608,0.0,0.0,174.5905,27.9221,1.5478,78.1209
99-VSD,กระบี่,205.78,2026-03,GOOD,single_scene_good,100.0,1,['S2B_MSIL2A_20260326T033529_R061_T47NNJ_20260326T072041'],169.4438,34.7129,1.6233,0.0,0.0,168.0279,34.4228,1.6097,78.8657
99-VSD,กระบี่,205.78,2026-08,GOOD,single_scene_good,96.66,1,['S2B_MSIL2A_20260803T033539_R061_T47NNJ_20260803T072631'],168.9444,29.2812,0.6868,0.0,6.8677,173.3168,30.039,0.7045,76.1333
100-VSD,กระบี่,291.51,2024-03,GOOD,single_scene_good,100.0,1,['S2A_MSIL2A_20240321T033541_R061_T47NNJ_20240321T091057'],60.7935,201.4409,29.2756,0.0,0.0,60.2855,199.7575,29.0309,54.4428
100-VSD,กระบี่,291.51,2025-03,GOOD,single_scene_good,100.0,1,['S2C_MSIL2A_20250316T033601_R061_T47NNJ_20250316T090315'],149.1186,133.7956,8.5958,0.0,0.0,147.8725,132.6775,8.524,65.9431
100-VSD,กระบี่,291.51,2026-03,GOOD,single_scene_good,100.0,1,['S2C_MSIL2A_20260321T033541_R061_T47NNJ_20260321T090910'],134.5431,146.2533,10.7136,0.0,0.0,133.4188,145.0311,10.6241,64.6367
100-VSD,กระบี่,291.51,2026-08,LOW_QA,same_month_multi_scene_composite,13.08,2,"['S2A_MSIL2A_20260820T034201_R061_T47NNJ_20260820T103417', 'S2B_MSIL2A_20260803T033539_R061_T47NNJ_20260803T072631']",0.0,0.1246,37.996,0.0,253.3895,,,,0.7833
102-VSD,ภูเก็ต,32.04,2024-03,GOOD,single_scene_good,100.0,1,['S2B_MSIL2A_20240326T033539_R061_T47NMJ_20240326T091647'],14.558,10.1408,0.0,7.3412,0.0,16.3623,11.3977,0.0,37.6116
102-VSD,ภูเก็ต,32.04,2025-03,GOOD,single_scene_good,100.0,1,['S2B_MSIL2A_20250304T034549_R104_T47NMJ_20250304T063849'],13.3137,11.6962,0.0,7.0301,0.0,14.7777,12.9823,0.0,35.202
102-VSD,ภูเก็ต,32.04,2026-03,GOOD,single_scene_good,100.0,1,['S2C_MSIL2A_20260314T034541_R104_T47NMJ_20260314T091810'],13.9981,17.2332,0.0,0.8088,0.0,12.4422,15.3178,0.0,27.997
102-VSD,ภูเก็ต,32.04,2026-08,LOW_QA,same_month_multi_scene_composite,25.63,2,"['S2C_MSIL2A_20260811T034531_R104_T47NMJ_20260811T084712', 'S2B_MSIL2A_20260803T033539_R061_T47NMJ_20260803T072631']",0.0,1.742,0.0,6.4702,23.8278,,,,0.0
